algorithm,scenario,requests,throughput_req_s,avg_ms,p90_ms,p95_ms,max_ms,error_rate
RL,normal,19030,316.22,57.45,78.46,84.17,106.01,0.00
RL,spike,71552,892.66,57.14,78.67,83.93,182.70,0.00
RL,failure,28423,315.24,58.04,78.33,83.82,295.34,0.00
RR,normal,18655,310.10,60.62,80.56,84.81,118.03,0.00
RR,spike,70566,880.33,59.34,79.61,84.23,153.39,0.00
RR,failure,27833,308.68,61.34,81.81,86.17,189.90,0.00
LC,normal,18515,307.68,61.73,80.34,84.88,243.64,0.00
LC,spike,70043,873.80,60.47,81.05,85.64,202.08,0.00
LC,failure,27959,310.03,60.61,82.67,86.83,5000.00,0.66
