algorithm,scenario,trial,requests,throughput,avg_ms,p90_ms,p95_ms,error_rate,avg_cpu,cpu_stddev,peak_cpu_stddev
LC,failure,1,28062,311.196869,60.12,80.2,84.27,0.7,9.47,3.31,7.12
LC,failure,2,28247,313.202955,59.0,78.59,82.82,0.02,9.59,3.35,6.47
LC,failure,3,28150,312.258655,59.47,79.07,82.64,0.09,8.93,2.95,6.52
LC,normal,1,18801,312.448555,59.3,79.12,83.22,0.0,10.16,0.96,2.82
LC,normal,2,18857,313.421154,58.92,78.89,83.52,0.0,9.98,0.75,2.4
LC,normal,3,18890,313.926817,58.64,77.2,82.11,0.0,9.96,0.68,1.21
LC,spike,1,71088,887.048497,58.16,77.01,81.21,0.0,11.79,0.75,1.93
LC,spike,2,70560,880.336307,59.3,77.53,82.23,0.0,11.38,0.71,2.07
LC,spike,3,70793,883.186984,58.86,80.48,84.84,0.0,11.76,0.79,2.22
RL,failure,1,28246,313.262104,59.05,80.12,84.16,0.26,10.21,3.43,7.51
RL,failure,2,28328,314.144649,58.56,78.72,82.33,0.36,10.52,3.72,8.66
RL,failure,3,28209,312.836858,59.26,80.02,83.78,0.41,10.16,3.43,7.42
RL,normal,1,19016,316.047468,57.59,75.78,79.72,0.0,10.85,0.76,2.02
RL,normal,2,18873,313.653125,58.78,77.15,81.34,0.0,10.43,1.11,2.71
RL,normal,3,18867,313.627501,58.8,79.31,83.47,0.0,10.72,0.84,1.92
RL,spike,1,71230,888.399876,57.87,78.77,83.15,0.0,11.84,1.07,4.36
RL,spike,2,71549,892.631253,57.15,76.95,81.31,0.0,11.66,0.63,1.59
RL,spike,3,71551,892.705498,57.15,75.66,80.33,0.0,11.69,1.0,3.99
RR,failure,1,28141,312.085519,59.52,79.69,84.12,0.13,9.41,3.41,7.0
RR,failure,2,28194,312.625125,59.22,79.61,83.63,0.22,9.42,3.09,7.35
RR,failure,3,28138,312.044487,59.55,79.36,83.47,0.28,9.61,3.38,6.48
RR,normal,1,18976,315.350364,57.91,76.73,81.14,0.0,11.33,1.24,3.79
RR,normal,2,18806,312.477444,59.29,78.54,82.96,0.0,10.92,0.98,2.08
RR,normal,3,18858,313.364091,58.9,77.42,81.81,0.0,11.0,0.86,2.41
RR,spike,1,70818,883.259009,58.78,78.67,83.69,0.0,11.3,0.77,1.73
RR,spike,2,71243,888.706066,57.85,78.1,82.78,0.0,11.37,0.79,1.71
RR,spike,3,70638,881.78491,59.11,78.52,82.81,0.0,11.95,0.86,1.54
