algorithm,scenario,trials,throughput_req_s_mean,throughput_req_s_sd,avg_ms_mean,avg_ms_sd,p90_ms_mean,p90_ms_sd,p95_ms_mean,p95_ms_sd,error_rate_pct_mean,error_rate_pct_sd,avg_cpu_pct_mean,avg_cpu_pct_sd,avg_cpu_stddev_pct_mean,avg_cpu_stddev_pct_sd,peak_cpu_stddev_pct_mean,peak_cpu_stddev_pct_sd
RL,normal,3,314.4427,1.3898,58.39,0.6929,77.4133,1.7797,81.51,1.8808,0.0,0.0,10.6667,0.215,0.9033,0.1834,2.2167,0.4302
RL,spike,3,891.2455,2.4647,57.39,0.4157,77.1267,1.5625,81.5967,1.4317,0.0,0.0,11.73,0.0964,0.9,0.2364,3.3133,1.5039
RL,failure,3,313.4145,0.6671,58.9567,0.3592,79.62,0.781,83.4233,0.9657,0.3433,0.0764,10.2967,0.195,3.5267,0.1674,7.8633,0.6914
RR,normal,3,313.7306,1.4711,58.7,0.7114,77.5633,0.9135,81.97,0.9205,0.0,0.0,11.0833,0.2173,1.0267,0.1943,2.76,0.9071
RR,spike,3,884.5833,3.6457,58.58,0.6534,78.43,0.2955,83.0933,0.5169,0.0,0.0,11.54,0.3568,0.8067,0.0473,1.66,0.1044
RR,failure,3,312.2517,0.324,59.43,0.1825,79.5533,0.1721,83.74,0.3387,0.21,0.0755,9.48,0.1127,3.2933,0.1767,6.9433,0.4378
LC,normal,3,313.2655,0.7513,58.9533,0.3313,78.4033,1.0484,82.95,0.7428,0.0,0.0,10.0333,0.1102,0.7967,0.1457,2.1433,0.8351
LC,spike,3,883.5239,3.3688,58.7733,0.5749,78.34,1.8714,82.76,1.8721,0.0,0.0,11.6433,0.2285,0.75,0.04,2.0733,0.145
LC,failure,3,312.2195,1.0036,59.53,0.5624,79.2867,0.8266,83.2433,0.8937,0.27,0.374,9.33,0.3516,3.2033,0.2203,6.7033,0.3617
