RR,Normal,1,50,17085,283.800861,75.44,98.6,0.00,2.25
RR,Normal,2,50,17150,285.034709,74.73,99.85,0.00,2.22
RR,Normal,3,50,17205,285.829586,74.22,97.93,0.00,2.35
RR,Spike,1,200,65152,812.73419,72.62,95.03,0.00,2.00
RR,Spike,2,200,65292,814.300073,72.25,96.19,0.00,2.05
RR,Spike,3,200,65168,812.755968,72.59,96.78,0.00,2.04
RR,Failure,1,50,25620,284.033521,75.39,100.63,0.61,1.98
RR,Failure,2,50,26032,288.594869,72.63,98.33,0.22,2.05
RR,Failure,3,50,26005,288.351418,72.78,98.07,0.47,1.97
LC,Normal,1,50,17361,288.496243,72.72,98.82,0.00,2.12
LC,Normal,2,50,17054,283.374317,75.75,99.42,0.00,1.84
LC,Normal,3,50,17122,284.553441,75.05,99.39,0.00,1.93
LC,Spike,1,200,64924,809.854448,73.23,99.23,0.00,1.99
LC,Spike,2,200,64791,807.931679,73.57,96.21,0.00,2.09
LC,Spike,3,200,65940,822.485224,70.53,96.56,0.00,2.00
LC,Failure,1,50,25938,287.638258,73.16,99.42,0.47,2.36
LC,Failure,2,50,26060,288.962229,72.42,98.51,0.29,2.07
LC,Failure,3,50,26143,289.868828,71.88,101.44,1.14,2.17
RL,Normal,1,50,17408,289.305197,72.15,93.85,0.00,2.37
RL,Normal,2,50,17357,288.47248,72.7,97.34,0.00,2.21
RL,Normal,3,50,17297,287.31176,73.39,94.67,0.00,2.25
RL,Spike,1,200,33670,419.953517,234.56,582.27,0.00,2.21
RL,Spike,2,200,35971,448.805465,213.08,577.45,0.00,0
RL,Spike,3,200,31414,392.023976,258.6,584.23,0.00,2.15
RL,Failure,1,50,26645,295.502411,68.67,94.16,0.10,2.13
RL,Failure,2,50,26502,293.9083,69.59,95.83,0.13,2.44
RL,Failure,3,50,25930,287.480204,73.36,98.65,0.00,2.72
