timestamp,backend_1_cpu_pct,backend_2_cpu_pct,backend_3_cpu_pct,mean_cpu_pct,cpu_stddev_pct
1790563134.309522,7.73,10.89,7.67,8.763333333333334,1.5039799053031115
1790563137.3744771,10.47,14.15,9.93,11.516666666666666,1.8750525918550185
1790563140.427418,10.45,12.6,10.58,11.209999999999999,0.9843102491931427
1790563143.502455,8.55,9.07,10.11,9.243333333333334,0.648553947040816
1790563146.570097,11.03,12.2,12.4,11.876666666666665,0.6042258591693087
1790563149.635898,10.2,13.76,9.56,11.173333333333332,1.8476170839459372
1790563152.696298,8.26,10.03,11.14,9.81,1.1860016863394423
1790563155.7444448,11.06,11.83,10.89,11.26,0.4089824772122474
1790563158.804441,11.61,10.99,11.73,11.443333333333333,0.3242769735204082
1790563161.876568,10.12,12.06,9.99,10.723333333333334,0.946654929504704
1790563164.90529,10.52,0.0,7.22,5.913333333333333,4.393034891229019
1790563167.963275,14.37,0.0,15.13,9.833333333333334,6.960135694718091
1790563171.020114,14.45,0.0,15.1,9.85,6.970054997391819
1790563174.110496,11.18,0.0,16.06,9.08,6.7225193690064335
1790563177.1718478,14.71,0.0,15.13,9.946666666666667,7.035445180575916
1790563180.2218938,15.75,0.0,15.46,10.403333333333334,7.357220187604072
1790563183.293474,15.82,0.0,13.42,9.746666666666668,6.961232330238344
1790563186.334639,15.11,0.0,16.31,10.473333333333333,7.421950926512216
1790563189.39018,10.97,0.0,15.02,8.663333333333334,6.345110103238731
1790563192.446676,14.36,0.0,14.81,9.723333333333334,6.877888887991398
1790563195.4875069,7.32,0.0,7.35,4.89,3.457773850326247
1790563198.555986,10.79,15.55,9.39,11.910000000000002,2.6365634198074335
1790563201.608433,10.81,15.22,10.89,12.306666666666667,2.060296634521889
1790563204.645879,4.78,9.22,4.8,6.266666666666667,2.0883379888216265
1790563207.707714,10.13,15.71,9.99,11.943333333333333,2.6640487149366385
1790563210.756314,9.08,15.79,11.22,12.030000000000001,2.798582974768957
1790563213.818054,10.26,12.31,9.73,10.766666666666666,1.112544630815122
1790563216.878338,12.37,15.16,12.0,13.176666666666668,1.4105396918279978
1790563219.944109,13.52,13.42,12.24,13.06,0.5812629926863282
1790563223.013736,3.04,17.31,3.34,7.896666666666666,6.657358501855088
