Algorithm,Scenario,Throughput_Mean,Throughput_SD,Latency_Avg_ms_Mean,Latency_Avg_ms_SD,Latency_P95_ms_Mean,Latency_P95_ms_SD,Error_Rate_Mean,Error_Rate_SD,CPU_STD_Mean,CPU_STD_SD
RR,Normal,284.888385,1.022247,74.796667,0.612726,98.793333,0.974491,0.0,0.0,2.273333,0.068069
RR,Spike,813.26341,0.897842,72.486667,0.205508,96.0,0.890337,0.0,0.0,2.03,0.026458
RR,Failure,286.993269,2.566106,73.6,1.551999,99.01,1.408971,0.433333,0.197569,2.0,0.043589
LC,Normal,285.474667,2.682354,74.506667,1.58639,99.21,0.338083,0.0,0.0,1.963333,0.142945
LC,Spike,813.423784,7.906108,72.443333,1.665693,97.333333,1.651858,0.0,0.0,2.026667,0.055076
LC,Failure,288.823105,1.121774,72.486667,0.642599,99.79,1.499633,0.633333,0.447921,2.2,0.147309
RL,Normal,288.363146,1.001206,72.746667,0.621316,95.286667,1.824893,0.0,0.0,2.276667,0.083267
RL,Spike,420.260986,28.391993,235.413333,22.771994,581.316667,3.489088,0.0,0.0,1.453333,1.258981
RL,Failure,292.296972,4.246909,70.54,2.485136,96.213333,2.269413,0.076667,0.068069,2.43,0.295127
